ID,Name,Tel,Email,CAS,Product Name,Remarks,Updated_Date,Weight,Price(USD),Source URL
ChemBook_0,"Hebei Guanlang Biotechnology Co,.LTDVisit Store NEW",+8619930503252   , daisy@crovellbio.com, 451-40-1, 2-Phenylacetophenone,Purity: 99.9 | Package: 1KG;9USD,None,None,None,https://www.chemicalbook.com/ProductList_En.aspx?kwd=451-40-1&a=China&left=True&page=1#J_Condition
ChemBook_1,"Hebei Mojin Biotechnology Co., LtdVisit Store NEW",+86+8615028179902    15028179902, sales@hbmojin.com, 451-40-1, 2-Phenylacetophenone,Purity: 99% | Package: 25KG,None,None,None,https://www.chemicalbook.com/ProductList_En.aspx?kwd=451-40-1&a=China&left=True&page=1#J_Condition
ChemBook_2,"Henan Tianfu Chemical Co.,Ltd.Visit Store Danger",+86-19937530512    0371-55170693, info@tianfuchem.com, 451-40-1, 2-Phenylacetophenone 451-40-1,Purity: 99% | Package: 25KG;5KG;1KG,None,None,None,https://www.chemicalbook.com/ProductList_En.aspx?kwd=451-40-1&a=China&left=True&page=1#J_Condition
ChemBook_3,ATK CHEMICAL COMPANY LIMITEDVisit Store,+undefined    21-51877795, ivan@atkchemical.com, 451-40-1, 2-Phenylacetophenone,Purity: 98% HPLC | Package: 5G;10G;25G;50G;100G;250G;1KG,None,None,None,https://www.chemicalbook.com/ProductList_En.aspx?kwd=451-40-1&a=China&left=True&page=1#J_Condition
ChemBook_4,career henan chemical coVisit Store,+86    0371-86658258, sales@coreychem.com, 451-40-1, 2-Phenylacetophenone,Purity: as customer's need | Package: 1kg;1USD,None,None,None,https://www.chemicalbook.com/ProductList_En.aspx?kwd=451-40-1&a=China&left=True&page=1#J_Condition
ChemBook_5,"Jinan Finer Chemical Co., LtdVisit Store",+86+86-15508631887    531-+86-531-88989536, sales@finerchem.com, 451-40-1, 2-Phenylacetophenone,Purity: 99% | Package: 200kg;22USD,None,None,None,https://www.chemicalbook.com/ProductList_En.aspx?kwd=451-40-1&a=China&left=True&page=1#J_Condition
ChemBook_6,"Hebei Guanlang Biotechnology Co., Ltd.Visit Store",+86+86-19930503282   , alice@crovellbio.com, 451-40-1, 2-Phenylacetophenone,Purity: 99% | Package: 1KG;10USD,None,None,None,https://www.chemicalbook.com/ProductList_En.aspx?kwd=451-40-1&a=China&left=True&page=1#J_Condition
ChemBook_7,"Chongqing Chemdad Co., LtdVisit Store",+86+8613650506873    023-+86-023-61398051, sales@chemdad.com, 451-40-1, 2-Phenylacetophenone,Purity: 0.98 | Package: 1kg，2kg，5kg，10kg，25kg,None,None,None,https://www.chemicalbook.com/ProductList_En.aspx?kwd=451-40-1&a=China&left=True&page=1#J_Condition
ChemBook_8,CONIER CHEM AND PHARMA LIMITEDVisit Store,+86+8618523575427   , sales@conier.com, 451-40-1, 2-PHENYLACETOPHENONE,Purity: 99% | Package: 1kg,None,None,None,https://www.chemicalbook.com/ProductList_En.aspx?kwd=451-40-1&a=China&left=True&page=1#J_Condition
ChemBook_9,"Neostar United (Changzhou) Industrial Co., Ltd.Visit Store",+86    519-+86-519-519-85557386, marketing1@neostarunited.com, 451-40-1, 2-Phenylacetophenone,Package: 1KG;5KG;100KG;1000KG,None,None,None,https://www.chemicalbook.com/ProductList_En.aspx?kwd=451-40-1&a=China&left=True&page=1#J_Condition
ChemBook_10,SIMAGCHEM CORPVisit Store,+86+86-13806087780   , sale@simagchem.com, 451-40-1, 2-Phenylacetophenone,"Purity: 0.99 | Package: 1kg,5kg,25kgs,200kgs;bulk",None,None,None,https://www.chemicalbook.com/ProductList_En.aspx?kwd=451-40-1&a=China&left=True&page=1#J_Condition
ChemBook_11,"Hubei Ipure Biology Co., LtdVisit Store",+8613367258412   , ada@ipurechemical.com, 451-40-1, Parecoxib Impurity 1,Purity: 0.99 | Package: 5KG;1KG,None,None,None,https://www.chemicalbook.com/ProductList_En.aspx?kwd=451-40-1&a=China&left=True&page=1#J_Condition
ChemBook_12,"Hefei TNJ Chemical Industry Co.,Ltd.Visit Store",0086 189 4982 3763    0551-0551-65418671, sales@tnjchem.com, 451-40-1, Deoxybenzoin,N/A,None,None,None,https://www.chemicalbook.com/ProductList_En.aspx?kwd=451-40-1&a=China&left=True&page=1#J_Condition
ChemBook_13,"ANHUI WITOP BIOTECH CO., LTDVisit Store",+8615255079626   , eric@witopchemical.com, 451-40-1, 2-Phenylacetophenone,Purity: 98% | Package: 25kg,None,None,None,https://www.chemicalbook.com/ProductList_En.aspx?kwd=451-40-1&a=China&left=True&page=1#J_Condition
ChemBook_14,"Dayang Chem (Hangzhou) Co.,Ltd.Visit Store",+8617705817739    571-88938639, info@dycnchem.com, 451-40-1, Deoxybenzoin,Purity: 0.95&0.99 | Package: 0.1KG;1KG;1000KG | CustNote: Top Quality,None,None,None,https://www.chemicalbook.com/ProductList_En.aspx?kwd=451-40-1&a=China&left=True&page=1#J_Condition
ChemBook_15,"Hong Kong Excellence Biotechnology Co., Ltd.Visit Store",+8618126314766    86-18838029171, ada@sh-teruiop.com, 451-40-1, Desoxybenzoine,Purity: 99.80% | Package: 1kg;10kg;25kg,None,None,None,https://www.chemicalbook.com/ProductList_En.aspx?kwd=451-40-1&a=China&left=True&page=1#J_Condition
ChemBook_16,Shandong Believe Chemical PTE.LTDVisit Store,+8615966163158   , 1093908296@qq.com, 451-40-1, 2-Phenylacetophenone,N/A,None,None,None,https://www.chemicalbook.com/ProductList_En.aspx?kwd=451-40-1&a=China&left=True&page=1#J_Condition
ChemBook_17,"Shanghai Innopharm Industrial Co., Ltd.Visit Store",+undefined17701845089   , sales@hoyaopharm.com, 451-40-1, 2-Phenylacetophenone,Purity: 99%,None,None,None,https://www.chemicalbook.com/ProductList_En.aspx?kwd=451-40-1&a=China&left=True&page=1#J_Condition
ChemBook_18,Hebei Duling International Trade Co. LTDVisit Store,+8618032673083    +86-0311-87836622, sales05@hbduling.cn, 451-40-1, 2-Phenylacetophenone,Purity: 99% | Package: 5KG;1KG,None,None,None,https://www.chemicalbook.com/ProductList_En.aspx?kwd=451-40-1&a=China&left=True&page=1#J_Condition
ChemBook_19,"LEAP CHEM CO., LTD.Visit Store",+86    852-30606658, market18@leapchem.com, 451-40-1, 2-Phenylacetophenone,Package: 1g; 5g; 25g; 1kg; 5kg; 25kg,None,None,None,https://www.chemicalbook.com/ProductList_En.aspx?kwd=451-40-1&a=China&left=True&page=1#J_Condition
ChemBook_20,"Jewim Pharmaceutical (Shandong) Co., Ltd.Visit StoreManufacturer",+8615621883869   , liutf@jewim.com.cn, 451-40-1, 2-Phenylacetophenone,Purity: 0.99_ | Package: 5KG;1KG,None,None,None,https://www.chemicalbook.com/ProductList_En.aspx?kwd=451-40-1&a=China&left=True&page=2#J_Condition
ChemBook_21,PT CHEM GROUP LIMITEDVisit Store,+86+86-85511178    0371-+86-85511178, peter68@ptchemgroup.com, 451-40-1, 2-Phenylacetophenone,Purity: 0.95&0.99 | Package: 0.1KG;1KG;1000KG | CustNote: Wholesale price,None,None,None,https://www.chemicalbook.com/ProductList_En.aspx?kwd=451-40-1&a=China&left=True&page=2#J_Condition
ChemBook_22,"ZHEJIANG JIUZHOU CHEM CO., LTDVisit Store",+86+86-13454675544    +86-0576225566889, admin@jiuzhou-chem.com；jamie@jiuzhou-chem.com；alice@jiuzhou-chem.com, 451-40-1, 2-Phenylacetophenone,Package: 25KG,None,None,None,https://www.chemicalbook.com/ProductList_En.aspx?kwd=451-40-1&a=China&left=True&page=2#J_Condition
ChemBook_23,"GIHI CHEMICALS CO.,LIMITEDVisit Store",+8618058761490    0571-86217390, info@gihichemicals.com, 451-40-1, Deoxybenzoin,"Purity: 99 | Package: 5KG;1KG,25kg",None,None,None,https://www.chemicalbook.com/ProductList_En.aspx?kwd=451-40-1&a=China&left=True&page=2#J_Condition
ChemBook_24,"Jiangsu Yutian pharmaceutical Co.,Ltd.Visit StoreManufacturer",+undefined19851887368    0518-86098006, lvan.hui@jsytsw.com, 451-40-1," 1,2-diphenyl-ethanon",Purity: 99% HPLC | Package: 25kg,None,None,None,https://www.chemicalbook.com/ProductList_En.aspx?kwd=451-40-1&a=China&left=True&page=2#J_Condition
ChemBook_25,"Wuhan Quanjinci New Material Co.,Ltd.Visit Store",+8615271838296   , kyra@quanjinci.com, 451-40-1, Diphenylethanone,Purity: 0.99 | Package: 5KG;1KG,None,None,None,https://www.chemicalbook.com/ProductList_En.aspx?kwd=451-40-1&a=China&left=True&page=2#J_Condition
ChemBook_26,"Shanghai Acmec Biochemical Technology Co., Ltd.",+undefined18621343501   , product@acmec-e.com, 451-40-1, 2-Phenylacetophenone,"Purity: 98% | Package: 100g, 5g, 500g, 10g, 1kg, 25g",None,None,None,https://www.chemicalbook.com/ProductList_En.aspx?kwd=451-40-1&a=China&left=True&page=2#J_Condition
ChemBook_27,Amadis Chemical Company LimitedVisit Store,+86    571-571-89925085, sales@amadischem.com, 451-40-1," 1,2-diphenylethanone","Purity: 0.97 | Package: mgs,gs,kgs | CustNote: A826725",None,None,None,https://www.chemicalbook.com/ProductList_En.aspx?kwd=451-40-1&a=China&left=True&page=2#J_Condition
ChemBook_28,"Shanghai Daken Advanced Materials Co.,LtdVisit Store",+86    371-66670886, info@dakenam.com, 451-40-1, 2-Phenylacetophenone,Purity: 99% | Package: 100g ;1KG ;5KG 25KG,None,None,None,https://www.chemicalbook.com/ProductList_En.aspx?kwd=451-40-1&a=China&left=True&page=2#J_Condition
ChemBook_29,"Shanghai Hengmao New Materials Technology CO., LIMITED",+8617736933208    0086-1773693, 1137059254@qq.com, 451-40-1, 2-Phenylacetophenone,Purity: 99% | Package: 25KG/10KG/5KG/1KG,None,None,None,https://www.chemicalbook.com/ProductList_En.aspx?kwd=451-40-1&a=China&left=True&page=2#J_Condition
ChemBook_30,"Mainchem Co., Ltd.",+8618030271905    86-05926210733, sarah@mainchem.com, 451-40-1, 2-Phenylacetophenone,Package: According to customer‘s requirement,None,None,None,https://www.chemicalbook.com/ProductList_En.aspx?kwd=451-40-1&a=China&left=True&page=2#J_Condition
ChemBook_31,Shanghai Famo Bio-chemical Technology Company Ltd.,+8615800370750    021-36680027, 1706640024@qq.com, 451-40-1, 2-Phenylacetophenone,"Purity: 99% HPLC | Package: 1kg,25kg,100kg，1t",None,None,None,https://www.chemicalbook.com/ProductList_En.aspx?kwd=451-40-1&a=China&left=True&page=2#J_Condition
ChemBook_32,DC Chemicals,   +86-21-58447131, sales@dcchemicals.com,N/A, Deoxybenzoin,Brand：dcchemicals | Product Number：DC37201,None,None,None,https://www.chemicalbook.com/ProductList_En.aspx?kwd=451-40-1&a=China&left=True&page=2#J_Condition
ChemBook_33,Chemenu Inc.,   +86-21-2022 2982, sales@chemenu.com, 451-40-1, 2-Phenylacetophenone,Brand：Chemenu | Product Number：CM186430 | Purity：95+%,None,None,None,https://www.chemicalbook.com/ProductList_En.aspx?kwd=451-40-1&a=China&left=True&page=2#J_Condition
ChemBook_34,HENAN SUNLAKE ENTERPRISE CORPORATION,   +86-371- 55366292, info@hnsunlake.com, 451-40-1, 2-Phenylacetophenone,N/A,None,None,None,https://www.chemicalbook.com/ProductList_En.aspx?kwd=451-40-1&a=China&left=True&page=2#J_Condition
ChemBook_35,"Henan Allgreen Chemical Co.,Ltd",   +86-0371-87507775, sales@allgreenchem.com, 451-40-1, 2-Phenylacetophenone,N/A,None,None,None,https://www.chemicalbook.com/ProductList_En.aspx?kwd=451-40-1&a=China&left=True&page=2#J_Condition
ChemBook_36,"Zouping Mingxing Chemical Co.,Ltd.",+8613605431940    86-13605431940, zpmxchemical@126.com, 451-40-1, Deoxybenzoin,Purity: 98%,None,None,None,https://www.chemicalbook.com/ProductList_En.aspx?kwd=451-40-1&a=China&left=True&page=2#J_Condition
ChemBook_37,"JINHUA HUAYI CHEMICAL CO., LTD.",   86-579-82660891, sales@chinahuayichem.com, 451-40-1, 2-Phenylacetophenone,N/A,None,None,None,https://www.chemicalbook.com/ProductList_En.aspx?kwd=451-40-1&a=China&left=True&page=2#J_Condition
ChemBook_38,AOPHARM,   0086-311-66600578, sales@aopharm.com, 451-40-1, 2-Phenylacetophenone,N/A,None,None,None,https://www.chemicalbook.com/ProductList_En.aspx?kwd=451-40-1&a=China&left=True&page=2#J_Condition
ChemBook_39,"Hunan chemfish Pharmaceutical co.,Ltd",   0731-85567275, sales@chemfish.com, 451-40-1, 2-Phenylacetophenone,N/A,None,None,None,https://www.chemicalbook.com/ProductList_En.aspx?kwd=451-40-1&a=China&left=True&page=2#J_Condition
ChemBook_40,"Nanjing Chemlin Chemical Co., Ltd.",   +86-25-83697070, sales@chemlin.com.cn, 451-40-1, 2-Phenylacetophenone,N/A,None,None,None,https://www.chemicalbook.com/ProductList_En.aspx?kwd=451-40-1&a=China&left=True&page=3#J_Condition
ChemBook_41,XinChem Corporation,   +86 21 34123252, xinchem@xinchem.com, 451-40-1, 2-Phenylacetophenone,N/A,None,None,None,https://www.chemicalbook.com/ProductList_En.aspx?kwd=451-40-1&a=China&left=True&page=3#J_Condition
ChemBook_42,"laidiou biological technology co.,limited",   0512-81664689, sales@laidiou.com, 451-40-1, 2-Phenylacetophenone,N/A,None,None,None,https://www.chemicalbook.com/ProductList_En.aspx?kwd=451-40-1&a=China&left=True&page=3#J_Condition
ChemBook_43,"Shanghai Run-Biotech Co., Ltd.",+8613817537615    021-57171705, sales@run-biotech.com, 451-40-1, 2-Phenylacetophenone,N/A,None,None,None,https://www.chemicalbook.com/ProductList_En.aspx?kwd=451-40-1&a=China&left=True&page=3#J_Condition
ChemBook_44,"Shanghai Hope Chem Co., Ltd.，",+8618501659228    21-58090396, info@hope-chem.com, 451-40-1, 2-Phenylacetophenone,N/A,None,None,None,https://www.chemicalbook.com/ProductList_En.aspx?kwd=451-40-1&a=China&left=True&page=3#J_Condition
ChemBook_45,Bide Pharmatech Ltd.,+8615221909166    400-1647117, product02@bidepharm.com, 451-40-1," 1,2-Diphenylethanone",Purity: 98% | Package: 290RMB/100g,None,None,None,https://www.chemicalbook.com/ProductList_En.aspx?kwd=451-40-1&a=China&left=True&page=3#J_Condition
ChemBook_46,"Shandong RuiYue Biotechnology Co., Ltd.Manufacturer",18805314509    0531-0531-88581623, 1456922171@126.com, 451-40-1, 2-Phenylacetophenone,Package: 1kg/;5kg/;10kg/;100kg/,None,None,None,https://www.chemicalbook.com/ProductList_En.aspx?kwd=451-40-1&a=China&left=True&page=3#J_Condition
ChemBook_47,"Chengdu Miracle Pharmaceutical Co., Ltd.",+8619130631884    028-028-86136736, sales@mic-pharma.com, 451-40-1, 2-Phenylacetophenone,N/A,None,None,None,https://www.chemicalbook.com/ProductList_En.aspx?kwd=451-40-1&a=China&left=True&page=3#J_Condition
ChemBook_48,"Beijing Anruiqi Chemical Technology Co., Ltd.",18618313080    010-010-5710845, 1905569272@qq.com, 451-40-1, 2-Phenylacetophenone,Purity: 99 | Package: 25公斤,None,None,None,https://www.chemicalbook.com/ProductList_En.aspx?kwd=451-40-1&a=China&left=True&page=3#J_Condition
ChemBook_49,"Shandong Jinhu Chemical Co., Ltd.",+8618653796880   , sdjhhx@163.com, 451-40-1," 1,2-Diphenylethan-1-one",Purity: 99%,None,None,None,https://www.chemicalbook.com/ProductList_En.aspx?kwd=451-40-1&a=China&left=True&page=3#J_Condition
ChemBook_50,"Shanghai He Huan Chemical Co., Ltd.",13917602471    021-021-60345187, lzz841106@aliyun.com, 451-40-1, 2-Phenylacetophenone,Purity: 98%,None,None,None,https://www.chemicalbook.com/ProductList_En.aspx?kwd=451-40-1&a=China&left=True&page=3#J_Condition
ChemBook_51,"Jintan Winbond Chemical Co., Ltd.",18605286750    0519-0519-82610098, sales@huabangchemical.com, 451-40-1, 2-Phenylacetophenone,Purity: 98% | Package: 1KG;5KG;100KG;1000KG,None,None,None,https://www.chemicalbook.com/ProductList_En.aspx?kwd=451-40-1&a=China&left=True&page=3#J_Condition
ChemBook_52,"Shandong Winner Biotechnology Co., Ltd.Manufacturer",+8615315319889   , wannaswsw@163.com, 451-40-1, 2-Phenylacetophenone,Purity: 99% | Package: 1KG/;5KG/;25KG/,None,None,None,https://www.chemicalbook.com/ProductList_En.aspx?kwd=451-40-1&a=China&left=True&page=3#J_Condition
ChemBook_53,Wuhan yuqing jiaheng pharmaceutical co. LTD,+8613545340383    027-027-83855389, 2586905842@qq.com, 451-40-1, Deoxybenzoin,Purity: 99% | Package: 25 kg/,None,None,None,https://www.chemicalbook.com/ProductList_En.aspx?kwd=451-40-1&a=China&left=True&page=3#J_Condition
ChemBook_54,Nanjing xiangrui technology co. LTD,15715199582    021-021-00000000, njrich168@163.com, 451-40-1, 2-Phenylacetophenone,Purity: 98% | Package: 1g/;10g/;100g/;500g/;1kg/;10kg/,None,None,None,https://www.chemicalbook.com/ProductList_En.aspx?kwd=451-40-1&a=China&left=True&page=3#J_Condition
ChemBook_55,"Hubei Moco Chemical Co., Ltd.",+8618627756402   , 3001051413@qq.com, 451-40-1, Parecoxib Impurity 17;N-((4-(5-methyl-4-phenylisoxazol-3-yl)phenyl)sulfonyl)propionamide,Purity: 99% HPLC | Package: 10mg,None,None,None,https://www.chemicalbook.com/ProductList_En.aspx?kwd=451-40-1&a=China&left=True&page=3#J_Condition
ChemBook_56,"Hubei Zhonglong Kangsheng Fine Chemical Co., Ltd.",+8613407122916    027-027-83855385, 353799526@qq.com, 451-40-1, Deoxybenzoin,Purity: 99% | Package: 25 KG /,None,None,None,https://www.chemicalbook.com/ProductList_En.aspx?kwd=451-40-1&a=China&left=True&page=3#J_Condition
ChemBook_57,Hubeicowardchemical,+8613317178958    027-83295551, 385079137@qq.com, 451-40-1, 2-Phenylacetophenone,Purity: 99,None,None,None,https://www.chemicalbook.com/ProductList_En.aspx?kwd=451-40-1&a=China&left=True&page=3#J_Condition
ChemBook_58,"Beijing Nuot Technology Co., Ltd.",   13520537277, 393291462@qq.com, 451-40-1, Deoxybenzoin,N/A,None,None,None,https://www.chemicalbook.com/ProductList_En.aspx?kwd=451-40-1&a=China&left=True&page=3#J_Condition
ChemBook_59,"Chengdu Bright Chemical Technology Co., Ltd.",   4008-755-333, aikeshiji@163.com, 451-40-1, Deoxybenzoin,N/A,None,None,None,https://www.chemicalbook.com/ProductList_En.aspx?kwd=451-40-1&a=China&left=True&page=3#J_Condition
ChemBook_60,"Hangzhou Caseman Pharmaceutical Technology Co., Ltd.",   18067926518, sales@ksmpharm.com, 451-40-1, Deoxybenzoin,N/A,None,None,None,https://www.chemicalbook.com/ProductList_En.aspx?kwd=451-40-1&a=China&left=True&page=4#J_Condition
ChemBook_61,Akzo Nobel Polymer Chemicals LLC,   86 0755 27148450, polymerchemicals.mx@akzonobel-pc.com, 451-40-1, 2-Phenylacetophenone,N/A,None,None,None,https://www.chemicalbook.com/ProductList_En.aspx?kwd=451-40-1&a=China&left=True&page=4#J_Condition
ChemBook_62,"CEC Chemical Co., Ltd",   86-21-52418058 34619399, eric@cecchem.com, 451-40-1, 2-Phenylacetophenone,N/A,None,None,None,https://www.chemicalbook.com/ProductList_En.aspx?kwd=451-40-1&a=China&left=True&page=4#J_Condition
ChemBook_63,"Wuahan Meheke Co., Ltd",   027-85353562, liyu@vip.163.com, 451-40-1, 2-Phenylacetophenone,N/A,None,None,None,https://www.chemicalbook.com/ProductList_En.aspx?kwd=451-40-1&a=China&left=True&page=4#J_Condition
ChemBook_64,Jurong Huacheng Chemical Factory,   13901492119, hchg@hc-hg.com, 451-40-1, 2-Phenylacetophenone,N/A,None,None,None,https://www.chemicalbook.com/ProductList_En.aspx?kwd=451-40-1&a=China&left=True&page=4#J_Condition
ChemBook_65,"Wuxi Meihua Chemical Co., LtdManufacturer",   0728-6703368, sales@chinahydantoin.com, 451-40-1, 2-Phenylacetophenone,N/A,None,None,None,https://www.chemicalbook.com/ProductList_En.aspx?kwd=451-40-1&a=China&left=True&page=4#J_Condition
ChemBook_66,"Zhejiang Juhua Reagent Co., Ltd","   0570-3066667,3062509,13819002126", 41774453@qq.com, 451-40-1, 2-Phenylacetophenone,N/A,None,None,None,https://www.chemicalbook.com/ProductList_En.aspx?kwd=451-40-1&a=China&left=True&page=4#J_Condition
ChemBook_67,"Jiangxi Jixiang Pharmchemical Co., Ltd",   0798-6702168, sales@jxpharmchem.com, 451-40-1, 2-Phenylacetophenone,N/A,None,None,None,https://www.chemicalbook.com/ProductList_En.aspx?kwd=451-40-1&a=China&left=True&page=4#J_Condition
ChemBook_68,"Pingyuan Shihuan Pharmaceutical Co., Ltd.",   0531-89702887 62318870 13290107390, sales@sdpysh.com, 451-40-1, 2-Phenylacetophenone,N/A,None,None,None,https://www.chemicalbook.com/ProductList_En.aspx?kwd=451-40-1&a=China&left=True&page=4#J_Condition
ChemBook_69,"Jintan Huayue Chemical Technology Co., Ltd",   0519-82859934, sales@huayuechem.cn, 451-40-1, 2-Phenylacetophenone,N/A,None,None,None,https://www.chemicalbook.com/ProductList_En.aspx?kwd=451-40-1&a=China&left=True&page=4#J_Condition
ChemBook_70,"Ji'nan Kaiyin Biological Technology Co., Ltd",18663730567    0531-88073798, jnzhpharm@163.com, 451-40-1, 2-Phenylacetophenone,N/A,None,None,None,https://www.chemicalbook.com/ProductList_En.aspx?kwd=451-40-1&a=China&left=True&page=4#J_Condition
ChemBook_71,"Changzhou Friendship Fine Chemical Co., Ltd",   86-0519-86806770 86806771, chaochiqiang@friendchem.com, 451-40-1, 2-Phenylacetophenone,N/A,None,None,None,https://www.chemicalbook.com/ProductList_En.aspx?kwd=451-40-1&a=China&left=True&page=4#J_Condition
ChemBook_72,"Qinhuangdao Bright Chemical Co., Ltd.",15603338676    0335-763-6678, starain_daphne@yahoo.com.cn, 451-40-1, 2-Phenylacetophenone,N/A,None,None,None,https://www.chemicalbook.com/ProductList_En.aspx?kwd=451-40-1&a=China&left=True&page=4#J_Condition
ChemBook_73,"Nanjing Chemfly Medical Technology Co., Ltd.",   025-58740787, info@chemfly.com, 451-40-1, 2-Phenylacetophenone,N/A,None,None,None,https://www.chemicalbook.com/ProductList_En.aspx?kwd=451-40-1&a=China&left=True&page=4#J_Condition
ChemBook_74,"Wuhan Ford Biomedicine Chemical Co., Ltd.",   027-83855385, wuhanfudechem09@163.com, 451-40-1, Deoxybenzoin,N/A,None,None,None,https://www.chemicalbook.com/ProductList_En.aspx?kwd=451-40-1&a=China&left=True&page=4#J_Condition
ChemBook_75,"Changzhou Neostar United Biotechnology Co., Ltd.",   0519-85556579, sales@cneostar.com, 451-40-1, Deoxybenzoin,N/A,None,None,None,https://www.chemicalbook.com/ProductList_En.aspx?kwd=451-40-1&a=China&left=True&page=4#J_Condition
ChemBook_76,"Jia Xing Isenchem Co.,Ltd",18627885956    0573-0573-85285100, isenchem@163.com, 451-40-1, 2-Phenylacetophenone,"Purity: 98% (HPLC Or GC) | Package: 25g,100g,500g;1kg",None,None,None,https://www.chemicalbook.com/ProductList_En.aspx?kwd=451-40-1&a=China&left=True&page=4#J_Condition
ChemBook_77,"shanghai meicheng chemical co .,ltd",   +86-21-50677091, sales@meichengchem.com, 451-40-1, 2-Phenylacetophenone,N/A,None,None,None,https://www.chemicalbook.com/ProductList_En.aspx?kwd=451-40-1&a=China&left=True&page=4#J_Condition
ChemBook_78,Jintan City Fraternal Fine Chemical Factory (Jintan Braun Catalyst Plant),   +86-519-82553398 82553818, pgp@blchem.com, 451-40-1, 2-Phenylacetophenone,N/A,None,None,None,https://www.chemicalbook.com/ProductList_En.aspx?kwd=451-40-1&a=China&left=True&page=4#J_Condition
ChemBook_79,Changzhou Foreign Trade Corp,   0519-88865202, sales@czdwmy.com, 451-40-1, 2-Phenylacetophenone,N/A,None,None,None,https://www.chemicalbook.com/ProductList_En.aspx?kwd=451-40-1&a=China&left=True&page=4#J_Condition
ChemBook_80,"Suzhou Huihe Pharm Co., Ltd.",   0512-88819360, huihepharm@163.com, 451-40-1, 2-Phenylacetophenone,N/A,None,None,None,https://www.chemicalbook.com/ProductList_En.aspx?kwd=451-40-1&a=China&left=True&page=5#J_Condition
ChemBook_81,"Shandong Haiwo Biological Technology Co., Ltd.",13046003282    0531-0531-87586188, sales@hwbiology.com, 451-40-1, 2-Phenylacetophenone,Purity: 99%,None,None,None,https://www.chemicalbook.com/ProductList_En.aspx?kwd=451-40-1&a=China&left=True&page=5#J_Condition
ChemBook_82,"Cool Pharm, Ltd",18019463053    021-58581007, sales@coolpharm.com, 451-40-1, 2-PHENYLACETOPHENONE,Purity: 98.0% | Package: 1g,None,None,None,https://www.chemicalbook.com/ProductList_En.aspx?kwd=451-40-1&a=China&left=True&page=5#J_Condition
ChemBook_83,"Hubei huizepu Pharmaceutical Technology Co., Ltd",+8618507139096    0185-0185-0185-07139096, 18507139096@163.com, 451-40-1, 2-Phenylacetophenone,Purity: >=98.00%HPLC | Package: 1kg/;10kg/;25kg/,None,None,None,https://www.chemicalbook.com/ProductList_En.aspx?kwd=451-40-1&a=China&left=True&page=5#J_Condition
ChemBook_84,"Zhongxiang Yaowei Biological Technology Co., Ltd.",13260682861   , w13260682861@qq.com, 451-40-1, 2-Phenylacetophenone,Purity: 0.99 | Package: 25KG;1KG,None,None,None,https://www.chemicalbook.com/ProductList_En.aspx?kwd=451-40-1&a=China&left=True&page=5#J_Condition
ChemBook_85,Yikang Chemical（Hubei）Co.， LTD,+8618971353902    027-027-18971353-902, 2242508613@qq.com, 451-40-1, 2-Phenylacetophenone,Purity: 99% | Package: 1kg/;25kg/;1000kg/,None,None,None,https://www.chemicalbook.com/ProductList_En.aspx?kwd=451-40-1&a=China&left=True&page=5#J_Condition
ChemBook_86,"Wuhan xinyangruihe Chemical Technology Co., Ltd.",18120580375    027-027-83850375, 669797270@qq.com, 451-40-1, Deoxybenzoin,Purity: 98%；99% | Package: 1公斤；25公斤；100公斤；吨位,None,None,None,https://www.chemicalbook.com/ProductList_En.aspx?kwd=451-40-1&a=China&left=True&page=5#J_Condition
ChemBook_87,"Shanghai Yingxin Laboratory Equipment Co., Ltd.",+8617002132182    021-021-59178156, 3146474380@qq.com, 451-40-1, Benzyl Phenyl Ketone,Purity: 98% | Package: 500g,None,None,None,https://www.chemicalbook.com/ProductList_En.aspx?kwd=451-40-1&a=China&left=True&page=5#J_Condition
ChemBook_88,"Hubei Dongcao Chemical Technology Co., Ltd",+8618971318572    027-83261126, 2969475037@qq.com, 451-40-1, 2-Phenylacetophenone,Purity: 99 | Package: 1kg;25kg;200kg,None,None,None,https://www.chemicalbook.com/ProductList_En.aspx?kwd=451-40-1&a=China&left=True&page=5#J_Condition
ChemBook_89,"Jiangsu Pules Bio-tech Co.,Ltd",+8618551496367    0513-66017706, 2186883463@qq.com, 451-40-1, 2-Phenylacetophenone,Purity: 99% HPLC | Package: 5KG;1KG,None,None,None,https://www.chemicalbook.com/ProductList_En.aspx?kwd=451-40-1&a=China&left=True&page=5#J_Condition
ChemBook_90,"Hubei wei shi reagent group ltd., company",+8618627096350    186-27096350, 2853877630@qq.com, 451-40-1, 2-Phenylacetophenone,Purity: 98% | Package: 25kg/,None,None,None,https://www.chemicalbook.com/ProductList_En.aspx?kwd=451-40-1&a=China&left=True&page=5#J_Condition
ChemBook_91,"Hubei Guangao Biotechnology Co., Ltd",+8618162699093    027-027-59223056, 1208480011@qq.com, 451-40-1, 2-Phenylacetophenone,Purity: 99% HPLC | Package: 25KG;200KG;5KG;1KG;1T,None,None,None,https://www.chemicalbook.com/ProductList_En.aspx?kwd=451-40-1&a=China&left=True&page=5#J_Condition
ChemBook_92,"Jinan chenghui-shuangda chemical co.,ltd.Visit Store",13256107535   , mahaiyan1123@126.com, 451-40-1, 2-Phenylacetophenone,Purity: 98% | Package: 1BAGS/1,None,None,None,https://www.chemicalbook.com/ProductList_En.aspx?kwd=451-40-1&a=China&left=True&page=5#J_Condition
ChemBook_93,"Pand (Shanghai) international trade Co., LTD",+8618662931292    021-80159919, 3404730042@qq.com, 451-40-1, Deoxybenzoin,Purity: 99% | Package: 10kg;100kg,None,None,None,https://www.chemicalbook.com/ProductList_En.aspx?kwd=451-40-1&a=China&left=True&page=5#J_Condition
ChemBook_94,"Hubei zhonglong Kangsheng Fine Chemical Co., Ltd",+8618171045381    027-83855381, 2533797015@qq.com, 451-40-1, Deoxybenzoin,"Purity: 99% HPLC | Package: 100KG, 25KG,5KG,1KG, 吨",None,None,None,https://www.chemicalbook.com/ProductList_En.aspx?kwd=451-40-1&a=China&left=True&page=5#J_Condition
ChemBook_95,"SHENZHEN PHYSTANDARD BIO-TECH CO.,LTD",+8613380397412    0755-0755-0755-83725350, 3001280422@qq.com, 451-40-1, Parecoxib Impurity 1,Purity: 99% HPLC | Package: 10mg;25mg;50mg;100mg,None,None,None,https://www.chemicalbook.com/ProductList_En.aspx?kwd=451-40-1&a=China&left=True&page=5#J_Condition
ChemBook_96,"Pingdingshan Longwei Biotechnology Co. , Ltd.",+8615343756688   , 3079249712@qq.com, 451-40-1, 2-Phenylacetophenone,N/A,None,None,None,https://www.chemicalbook.com/ProductList_En.aspx?kwd=451-40-1&a=China&left=True&page=5#J_Condition
ChemBook_97,Shanghai Tengjun Biotechnology Co. LTD,+8619821570922   , angela@labgogo.com, 451-40-1," 1,2-Diphenylethanone",Purity: 98% | Package: 1g;5g;1kg;可根据客户要求定制;,None,None,None,https://www.chemicalbook.com/ProductList_En.aspx?kwd=451-40-1&a=China&left=True&page=5#J_Condition
ChemBook_98,"Pushan Industry (Shaanxi) Co., Ltd.",+8613571859809    029-029-86018689, info@pushanshiye.com, 451-40-1, 2-Phenylacetophenone,Purity: 99% | Package: 25kg,None,None,None,https://www.chemicalbook.com/ProductList_En.aspx?kwd=451-40-1&a=China&left=True&page=5#J_Condition
ChemBook_99,"Qingdao Baiyi Chemical Co., Ltd",+8613953303907   , 3654853487@qq.com, 451-40-1, 2-Phenylacetophenone,Purity: 99% | Package: 25kg/纸板桶,None,None,None,https://www.chemicalbook.com/ProductList_En.aspx?kwd=451-40-1&a=China&left=True&page=5#J_Condition
ChemBook_100,"Hubei Hicks Biochemical Co., Ltd",+8617362916295   , w17362916295@163.com, 451-40-1, 2-Phenylacetophenone,Purity: 99%HPLC | Package: 5KG;1KG | CustNote: 100KG,None,None,None,https://www.chemicalbook.com/ProductList_En.aspx?kwd=451-40-1&a=China&left=True&page=6#J_Condition
ChemBook_101,"Wuhan Yingnuo Pharmaceutical Technology Co., Ltd.",+86+86-15387063101    027-+86-027-59232304, 2881924050@qq.com, 451-40-1, 451-40-1,"Purity: 98% | Package: 1KG；100g;1g,100mg",None,None,None,https://www.chemicalbook.com/ProductList_En.aspx?kwd=451-40-1&a=China&left=True&page=6#J_Condition
ChemBook_102,"Mancinor Technology Co., Ltd.",+8619719236623   , 2885515945@qq.com, 451-40-1, 2-Phenylacetophenone,Purity: 97%+ | Package: 1g；1kg,None,None,None,https://www.chemicalbook.com/ProductList_En.aspx?kwd=451-40-1&a=China&left=True&page=6#J_Condition
ChemBook_103,"Shandong Jiuyue Biological Technology Co., LTD",+8615553348166   , m15553348166@163.com, 451-40-1, 2-Phenylacetophenone,Purity: 99% | Package: 1kg;10kg;25kg,None,None,None,https://www.chemicalbook.com/ProductList_En.aspx?kwd=451-40-1&a=China&left=True&page=6#J_Condition
ChemBook_104,"Wuhan Hongde Yuexin Pharmatech Co.,Ltd",+8615271852016    027-83855396, whhdyxchem@sina.com, 451-40-1, Deoxybenzoin,Purity: 99% | Package: 25KG/桶,None,None,None,https://www.chemicalbook.com/ProductList_En.aspx?kwd=451-40-1&a=China&left=True&page=6#J_Condition
ChemBook_105,"Hubei Nordina Biotechnology Co., Ltd.",+8618162687220    18162687220, nuodina@163.com, 451-40-1, 2-Phenylacetophenone,Purity: 98%,None,None,None,https://www.chemicalbook.com/ProductList_En.aspx?kwd=451-40-1&a=China&left=True&page=6#J_Condition
ChemBook_106,"Hubei coward Chemical Co., Ltd",+8613125172151   , 3508116617@qq.com, 451-40-1, Deoxybenzoin,Purity: 99% | Package: 1kg;25kg;1000kg,None,None,None,https://www.chemicalbook.com/ProductList_En.aspx?kwd=451-40-1&a=China&left=True&page=6#J_Condition
ChemBook_107,"Wuhan lanabai Pharmaceutical Chemical Co., Ltd",+8615307151931   , 2355680@qq.com, 451-40-1, 2-Phenylacetophenone,Purity: 99.5% HPLC&GC | Package: 1kg 25kg | CustNote: AR GR CP,None,None,None,https://www.chemicalbook.com/ProductList_En.aspx?kwd=451-40-1&a=China&left=True&page=6#J_Condition
ChemBook_108,cjbscvictory,13348960310    13348960310, 3003867561@qq.com, 451-40-1, Benzyl Phenyl Ketone,Purity: HPLC>=98% | Package: 20/mg,None,None,None,https://www.chemicalbook.com/ProductList_En.aspx?kwd=451-40-1&a=China&left=True&page=6#J_Condition
ChemBook_109,"Beijing Solarbio Science & Tecnology Co., Ltd.",+8617801761073    010-50973185, Gsiyu@solarbio.com, 451-40-1, 2-Phenylacetophenone,Purity: 98%,None,None,None,https://www.chemicalbook.com/ProductList_En.aspx?kwd=451-40-1&a=China&left=True&page=6#J_Condition
ChemBook_110,"Shanghai Jieshikai Biotechnology Co. , Ltd.",+8615801958784   , lihua@jskchem.com, 451-40-1, 2-Phenylacetophenone,Purity: 98% | Package: 5g;10g;25g,None,None,None,https://www.chemicalbook.com/ProductList_En.aspx?kwd=451-40-1&a=China&left=True&page=6#J_Condition
ChemBook_111,"Nanjing Yili Biotechnology Co., Ltd.",+8613333710285   , 3003882524@qq.com, 451-40-1," 1,2-Diphenylethanone",Purity: 98% | Package: 5KG;1KG,None,None,None,https://www.chemicalbook.com/ProductList_En.aspx?kwd=451-40-1&a=China&left=True&page=6#J_Condition
ChemBook_112,Jingjiang Lechuang Biotechnology Co.，Ltd,+8615370960812    150-61735421, lechuangsales01@163.com, 451-40-1, DESOXYBENZOIN,Purity: 99% | Package: 5KG;1KG,None,None,None,https://www.chemicalbook.com/ProductList_En.aspx?kwd=451-40-1&a=China&left=True&page=6#J_Condition
ChemBook_113,"Shanghai xinchenfa Chemical Technology Co.,Ltd",+8613564487020    021-13564487020, 3546809660@qq.com, 451-40-1," 1,2-Diphenylethan-1-one",Purity: 98.00% | Package: 1kg、5kg、10kg、25kg,None,None,None,https://www.chemicalbook.com/ProductList_En.aspx?kwd=451-40-1&a=China&left=True&page=6#J_Condition
ChemBook_114,"Xi'AnTongZeBiotechCo.,Ltd",+8618591971926    029-18591971926, 3516471159@qq.com, 451-40-1, 2-Phenylacetophenone,Purity: 99% | Package: 1kg,None,None,None,https://www.chemicalbook.com/ProductList_En.aspx?kwd=451-40-1&a=China&left=True&page=6#J_Condition
ChemBook_115,"Wuhan kamik Technology Co., Ltd",+8618062587608   , 201981259@qq.com, 451-40-1, 2-Phenylacetophenone,Purity: 0.99 | Package: 25KG,None,None,None,https://www.chemicalbook.com/ProductList_En.aspx?kwd=451-40-1&a=China&left=True&page=6#J_Condition
ChemBook_116,"Hubei Zhonglong Kangsheng Fine Chemical Co., Ltd.",+8615926260361   , 1930063008@qq.com, 451-40-1, 2-Phenylacetophenone,Purity: GC/HPLC | CustNote: g,None,None,None,https://www.chemicalbook.com/ProductList_En.aspx?kwd=451-40-1&a=China&left=True&page=6#J_Condition
ChemBook_117,"SHANGHAI SEAGA BIO-TECH CO.,LTD",13764598896   , grace8018@163.com, 451-40-1, 2-Phenylacetophenone,Purity: 98.00% | Package: 1kg,None,None,None,https://www.chemicalbook.com/ProductList_En.aspx?kwd=451-40-1&a=China&left=True&page=6#J_Condition
ChemBook_118,Shenzhen Botel Biotechnology Co. Ltd.,+8613316968096    0755-22202135, 1979313431@qq.com, 451-40-1, 2-Phenylacetophenone,Package: 50mg/;100mg/,None,None,None,https://www.chemicalbook.com/ProductList_En.aspx?kwd=451-40-1&a=China&left=True&page=6#J_Condition
ChemBook_119,"Wuhan Hongde Yuexin Pharmaceutical Technology Co., Lt",+8615827396479    027-83855392, wuhanfudechem03@sina.com, 451-40-1, Deoxybenzoin,Purity: 98 | Package: 25kg | CustNote: kg,None,None,None,https://www.chemicalbook.com/ProductList_En.aspx?kwd=451-40-1&a=China&left=True&page=6#J_Condition
ChemBook_120,https://hanhongsci.com/,+8618917919676    021-54306202, info@hanhongsci.com, 451-40-1, 2-Phenylacetophenone,Purity: 99% | Package: 5KG;1KG,None,None,None,https://www.chemicalbook.com/ProductList_En.aspx?kwd=451-40-1&a=China&left=True&page=7#J_Condition
ChemBook_121,"Wuhan Jingkangen Biomedical Technology Co., Ltd",+8613720134139   , 3655618288@qq.com, 451-40-1, 2-Phenylacetophenone,Purity: 98% | Package: 1G：5G,None,None,None,https://www.chemicalbook.com/ProductList_En.aspx?kwd=451-40-1&a=China&left=True&page=7#J_Condition
ChemBook_122,"Wuhan canos Technology Co., Ltd",15327105076    027-027-83238443, 926254131@qq.com, 451-40-1, 2-Phenylacetophenone,Purity: 99%,None,None,None,https://www.chemicalbook.com/ProductList_En.aspx?kwd=451-40-1&a=China&left=True&page=7#J_Condition
ChemBook_123,"Hubei Xinkang Pharmaceutical Chemical Co., Ltd",+8618871579363    027-027-59308705, 1248680011@qq.com, 451-40-1, 2-Phenylacetophenone,Purity: 99% HPLC | Package: 25KG;200KG;5KG;1KG;1T,None,None,None,https://www.chemicalbook.com/ProductList_En.aspx?kwd=451-40-1&a=China&left=True&page=7#J_Condition
ChemBook_124,"Hubei Lingyan Biotechnology Co., Ltd",+8613297019205   , 2413323910@QQ.COM, 451-40-1, Deoxybenzoin,Package: 25kg,None,None,None,https://www.chemicalbook.com/ProductList_En.aspx?kwd=451-40-1&a=China&left=True&page=7#J_Condition
ChemBook_125,"Qingdao Baiyi Chemical Co., Ltd",+8613053388919   , 1454485610@qq.com, 451-40-1, 2-Phenylacetophenone,Purity: 99% | Package: 25kg/纸板桶,None,None,None,https://www.chemicalbook.com/ProductList_En.aspx?kwd=451-40-1&a=China&left=True&page=7#J_Condition
ChemBook_126,"Hubei De'ao Chemical Research Pharmaceutical Technology Co., Ltd",+8618502726233   , 3641133981@qq.com, 451-40-1, Diphenylethanone（Deoxybenzoin）,Purity: 95%+ HPLC | Package: 10mg | CustNote: STD,None,None,None,https://www.chemicalbook.com/ProductList_En.aspx?kwd=451-40-1&a=China&left=True&page=7#J_Condition
ChemBook_127,"Hubei Yunmei Technology Co., Ltd",+8618327059871    027-027-59206672, service@yunmeichem.com, 451-40-1, 2-Phenylacetophenone,Purity: 99% HPLC | Package: 5KG;1KG,None,None,None,https://www.chemicalbook.com/ProductList_En.aspx?kwd=451-40-1&a=China&left=True&page=7#J_Condition
ChemBook_128,"Shanghai Sunway Pharmaceutical Technology Co.,Ltd.",+8617682355945   , neoyan@sunwaypharm.com, 451-40-1, Benzyl Phenyl Ketone,Purity: 97% | Package: 0.1g;0.25g;1g;5g;10g;25g;100g;5923g,None,None,None,https://www.chemicalbook.com/ProductList_En.aspx?kwd=451-40-1&a=China&left=True&page=7#J_Condition
ChemBook_129,NORANA GROUP,+8617386138556    027-59209883, service@nornachem.com, 451-40-1, 2-Phenylacetophenone,Purity: 98% | Package: 5ASSAYS/10,None,None,None,https://www.chemicalbook.com/ProductList_En.aspx?kwd=451-40-1&a=China&left=True&page=7#J_Condition
ChemBook_130,"Hebei Mingji Chemical Technology Co., Ltd",+8613731109507   , 1581841507@qq.com, 451-40-1, 2-Phenylacetophenone,Package: 25mg;100mg;200mg,None,None,None,https://www.chemicalbook.com/ProductList_En.aspx?kwd=451-40-1&a=China&left=True&page=7#J_Condition
ChemBook_131,"Scinova Biotech(Guangzhou) Co., Ltd.",+8618028802057   , scinova_sales@163.com, 451-40-1, Benzyl Phenyl Ketone,Purity: 98% HPLC | Package: 50mg、100mg、500mg、1g,None,None,None,https://www.chemicalbook.com/ProductList_En.aspx?kwd=451-40-1&a=China&left=True&page=7#J_Condition
ChemBook_132,"Hebei Zhentian food additives Co., LTD",+8613373390591    0319-5925599, 13373390591@163.com, 451-40-1, 2-Fluorophenylacetic acid,Purity: 0.99 | Package: 25kg,None,None,None,https://www.chemicalbook.com/ProductList_En.aspx?kwd=451-40-1&a=China&left=True&page=7#J_Condition
ChemBook_133,"Chengtian Fine Chemical Co., Ltd",+8618164098996   , 3554657675@qq.com, 451-40-1, 2-Phenylacetophenone,Purity: 99.50% | Package: 样品（克）；小包装（KG）；整包装供应,None,None,None,https://www.chemicalbook.com/ProductList_En.aspx?kwd=451-40-1&a=China&left=True&page=7#J_Condition
ChemBook_134,"Nanjing Shizhou Biology Technology Co.,Ltd",18351873721    025-85563444, purchase@synzest.com, 451-40-1," 1,2-Diphenylethanone",Purity: 95% HPLC | Package: 100mg;500mg;1g;5g,None,None,None,https://www.chemicalbook.com/ProductList_En.aspx?kwd=451-40-1&a=China&left=True&page=7#J_Condition
ChemBook_135,"Hebei Zhenjia new material Co., LTDManufacturer",+8613315915972    0319-5925599, 13313090628@163.com, 451-40-1, 2-Phenylacetophenone,Purity: 99% | Package: 25KG,None,None,None,https://www.chemicalbook.com/ProductList_En.aspx?kwd=451-40-1&a=China&left=True&page=7#J_Condition
ChemBook_136,Hubei Shiteng Chemical Technology Co. LTD,+8619086915685    189-71850150, 1273131441@qq.com, 451-40-1, 2-Phenylacetophenone,Purity: 99% | Package: 25kg；5kg；1kg,None,None,None,https://www.chemicalbook.com/ProductList_En.aspx?kwd=451-40-1&a=China&left=True&page=7#J_Condition
ChemBook_137,"Jiaxing Zhejia Biotechnology Co., LTD",+86    0573-85600501, zhejia01@163.com, 451-40-1," 1,2-Diphenylethanone",Purity: 95+%,None,None,None,https://www.chemicalbook.com/ProductList_En.aspx?kwd=451-40-1&a=China&left=True&page=7#J_Condition
ChemBook_138,"Wuhan woxuan Technology Co., Ltd",+8613322067656   , 3199863540@qq.com, 451-40-1, 2-Phenylacetophenone,Purity: 99% HPLC | Package: 5KG;1KG;25kg;500kg,None,None,None,https://www.chemicalbook.com/ProductList_En.aspx?kwd=451-40-1&a=China&left=True&page=7#J_Condition
ChemBook_139,"Sanover (Xiamen) Technology Co., Ltd",+8613876246362    059265188632, 422165847@qq.com, 451-40-1, 2-phenylacetophenone,Purity: 99% | Package: 1kg；25kg；100kg；1MT,None,None,None,https://www.chemicalbook.com/ProductList_En.aspx?kwd=451-40-1&a=China&left=True&page=7#J_Condition
ChemBook_140,"Jiangsu Yutian pharmaceutical Co.,Ltd.Manufacturer",+8618861350580    0518-86098006, yutian02@jsytsw.com, 451-40-1," 1,2-diphenyl-ethanon",Purity: 99% HPLC | Package: 25kg,None,None,None,https://www.chemicalbook.com/ProductList_En.aspx?kwd=451-40-1&a=China&left=True&page=8#J_Condition
ChemBook_141,"Shanghai klamar Reagent Co., LTD",+8613817534909    021-4001650, 3003940895@qq.com, 451-40-1, 2-Phenylacetophenone,Purity: 98% | Package: 25g ；100g,None,None,None,https://www.chemicalbook.com/ProductList_En.aspx?kwd=451-40-1&a=China&left=True&page=8#J_Condition
ChemBook_142,"Shaanxi wopin Chemical Technology Co., Ltd",18792798662   , 3120382920@qq.com, 451-40-1, 2-Phenylacetophenone,Purity: 98 | Package: 1kg/;25kg/;100kg/,None,None,None,https://www.chemicalbook.com/ProductList_En.aspx?kwd=451-40-1&a=China&left=True&page=8#J_Condition
ChemBook_143,"Hangzhou J&H Chemical Co., Ltd.",+86    0571-0571-87396430, sales@jhechem.com, 451-40-1, 2-Phenylacetophenone,"Purity: 99% | Package: 1g;1kg,100kg,1000kg",None,None,None,https://www.chemicalbook.com/ProductList_En.aspx?kwd=451-40-1&a=China&left=True&page=8#J_Condition
ChemBook_144,"Bayee Biotech (Anqing) Co., Ltd.",+8618917961636    0556-0556-5032306, wtx@bayeebio.com, 451-40-1, 2-Phenylacetophenone,Purity: 99% | Package: 1KG;10kg;100kg;100kg,None,None,None,https://www.chemicalbook.com/ProductList_En.aspx?kwd=451-40-1&a=China&left=True&page=8#J_Condition
ChemBook_145,"Chengdu Saint - Kay Biotechnology Co., Ltd.",15882256948    028-85157043, 676046971@qq.com, 451-40-1, 2-Phenylacetophenone,Package: 1KG;8KG,None,None,None,https://www.chemicalbook.com/ProductList_En.aspx?kwd=451-40-1&a=China&left=True&page=8#J_Condition
ChemBook_146,"Suzhou yacoo science co.,Ltd",+8618013166090    0512-87182056, lingling.qi@yacoo.com.cn, 451-40-1, DEOXYBENZOIN,Purity: 98% | Package: 10g;50g;1kg;5Kg;25kg;,None,None,None,https://www.chemicalbook.com/ProductList_En.aspx?kwd=451-40-1&a=China&left=True&page=8#J_Condition
ChemBook_147,"Nanjing XiZe Biotechnology CO., Ltd.",15250997978    025-025-58362220, sale@njxizebio.com, 451-40-1, Parecoxib Impurity 34,Purity: >95% | CustNote: 4.8g,None,None,None,https://www.chemicalbook.com/ProductList_En.aspx?kwd=451-40-1&a=China&left=True&page=8#J_Condition
ChemBook_148,"Shanghai Haohong Pharmaceutical Co., Ltd.",+864008210725    400-400-8210725, malulu@leyan.com, 451-40-1," 1,2-Diphenylethanone",Purity: 95% | Package: 25g;100g;500g,None,None,None,https://www.chemicalbook.com/ProductList_En.aspx?kwd=451-40-1&a=China&left=True&page=8#J_Condition
ChemBook_149,"Zhengzhou Acme Chemical Co., Ltd.","+8613303845143    0371-037163312495,13303845143", 3001379618@qq.com, 451-40-1, 2-Phenylacetophenone,Purity: 98% | Package: 1g;5g;10g;25;100g;500g,None,None,None,https://www.chemicalbook.com/ProductList_En.aspx?kwd=451-40-1&a=China&left=True&page=8#J_Condition
ChemBook_150,tonsooh,+8613343438265    027-83238443, 1569708153@qq.com, 451-40-1, 2-Phenylacetophenone,Purity: 99% | Package: 1kg/;25kg/;200kg/,None,None,None,https://www.chemicalbook.com/ProductList_En.aspx?kwd=451-40-1&a=China&left=True&page=8#J_Condition
ChemBook_151,Aikon International Limited,+8618112977050    025-025-66028182, cfzhang@aikonchem.com, 451-40-1, 2-Phenylacetophenone,"Purity: 95% HPLC或者GC | Package: 10G,5G;1G",None,None,None,https://www.chemicalbook.com/ProductList_En.aspx?kwd=451-40-1&a=China&left=True&page=8#J_Condition
ChemBook_152,"Shaanxi Lihe Tongchuang Chemical Technology Co., Ltd",+8617782851193    029-029-81116050, 168361757@qq.com, 451-40-1, 2-Phenylacetophenone,Purity: 98% | Package: 100kg；50kg；5KG;1KG,None,None,None,https://www.chemicalbook.com/ProductList_En.aspx?kwd=451-40-1&a=China&left=True&page=8#J_Condition
ChemBook_153,"Hubei huizepu Pharmaceutical Technology Co., Ltd",+8619107121455    027-027-027-59212684, p19107121455@163.com, 451-40-1, 2-Phenylacetophenone,Purity: 99%HPLC,None,None,None,https://www.chemicalbook.com/ProductList_En.aspx?kwd=451-40-1&a=China&left=True&page=8#J_Condition
ChemBook_154,Wuhan hongde yuexin pharmaceutical technology co. LTD,13657260109    027-027-83855391, hbzlkschem2009@163.com, 451-40-1, Deoxybenzoin,Purity: 98% | Package: 25KG,None,None,None,https://www.chemicalbook.com/ProductList_En.aspx?kwd=451-40-1&a=China&left=True&page=8#J_Condition
ChemBook_155,Wuhan hongde yuexin pharmaceutical technology co. LTD,13995685043    027-83855395, wuhanfudechem23@163.com, 451-40-1, 2-Phenylacetophenone,Purity: 99% HPLC | Package: 1KG;5KG；25kg | CustNote: 10000kg,None,None,None,https://www.chemicalbook.com/ProductList_En.aspx?kwd=451-40-1&a=China&left=True&page=8#J_Condition
ChemBook_156,"Wuhan Yuqing Jiaheng Pharmaceutical Co., Ltd",13476018176    027-027-83855310, 408614617@qq.com, 451-40-1, Deoxybenzoin,Purity: 99% | Package: 10kg/;20kg/;50kg/,None,None,None,https://www.chemicalbook.com/ProductList_En.aspx?kwd=451-40-1&a=China&left=True&page=8#J_Condition
ChemBook_157,"Beijing FYF Chemicals Co., Ltd",+8618612870288   , 1460285141@qq.com, 451-40-1, 2-Phenylacetophenone,"Purity: 98%HPLC | Package: 50g,100g ,500g ,1Kg",None,None,None,https://www.chemicalbook.com/ProductList_En.aspx?kwd=451-40-1&a=China&left=True&page=8#J_Condition
ChemBook_158,"Hubei Wande Chemical Co., Ltd",+8615377098680    027-59210159, 1148280011@qq.com, 451-40-1, 2-Phenylacetophenone,Purity: 99% HPLC | Package: 25KG;200KG;5KG;1KG;1T,None,None,None,https://www.chemicalbook.com/ProductList_En.aspx?kwd=451-40-1&a=China&left=True&page=8#J_Condition
ChemBook_159,"Wuhan Jushun Chemical Co., Ltd",+8613349917800   , 3629602341@qq.com, 451-40-1, 2-Phenylacetophenone,Purity: 99 | Package: 1kg;25kg;50kg,None,None,None,https://www.chemicalbook.com/ProductList_En.aspx?kwd=451-40-1&a=China&left=True&page=8#J_Condition
ChemBook_160,"Hangzhou Hesheng Taiyi Biotechnology Co. , Ltd.",+8615868607770   , hstysales@126.com, 451-40-1, 2-Phenylacetophenone,"Purity: 99% HPLC | Package: 10mg,100mg,1g,1kg,10kg,1t",None,None,None,https://www.chemicalbook.com/ProductList_En.aspx?kwd=451-40-1&a=China&left=True&page=9#J_Condition
ChemBook_161,"Changzhou Hongda New Material Technology Co., Ltd.",+8615262235181   , 545789914@qq.com, 451-40-1, 2-Phenylacetophenone,Package: 1KG;10KG;100KG;1000KG,None,None,None,https://www.chemicalbook.com/ProductList_En.aspx?kwd=451-40-1&a=China&left=True&page=9#J_Condition
ChemBook_162,"Shanghai Boer Chemical Reagent Co., LTD",+8619102157732   , zhangmin@boerchina.net, 451-40-1, 2-Phenylacetophenone,"Purity: 98% | Package: 5g,25g,100g,250g,1kg",None,None,None,https://www.chemicalbook.com/ProductList_En.aspx?kwd=451-40-1&a=China&left=True&page=9#J_Condition
ChemBook_163,"Shanghai kadel chemical technology co., LTD",400-7787-550    021-021-4007787-550, 2850202386@qq.com, 451-40-1, 2-Phenylacetophenone,Purity: 98% | Package: 25g 383.9元；100g 1207.8元,None,None,None,https://www.chemicalbook.com/ProductList_En.aspx?kwd=451-40-1&a=China&left=True&page=9#J_Condition
ChemBook_164,"Jinhui Biological Technology Co., Ltd.",+86391530692   , sales@jhbiopharm, 451-40-1, Desoxybenzoin,Package: 1kg;100kg;1000kg,None,None,None,https://www.chemicalbook.com/ProductList_En.aspx?kwd=451-40-1&a=China&left=True&page=9#J_Condition
ChemBook_165,"Jingzhou Yinjie Chemical Co., Ltd",+8618008658728   , 2718637152@qq.com, 451-40-1, Deoxybenzoin,Purity: 99% | Package: 1Kg;25Kg;1000Kg,None,None,None,https://www.chemicalbook.com/ProductList_En.aspx?kwd=451-40-1&a=China&left=True&page=9#J_Condition
ChemBook_166,"Hubei Chenxin Pharmaceutical Co., Ltd.",17362916295    17362916295, w17362916295@163.com, 451-40-1, 2-Phenylacetophenone,Purity: 99% | Package: 1kg；25kg | CustNote: 100kg,None,None,None,https://www.chemicalbook.com/ProductList_En.aspx?kwd=451-40-1&a=China&left=True&page=9#J_Condition
ChemBook_167,"Yutong Pharmaceutical Technology (Suzhou) Co., Ltd.",+8615851462628   , 2680463261@qq.com, 451-40-1, 2-Phenylacetophenone,Purity: 95-99% | Package: 1g；5g;25g;250g;,None,None,None,https://www.chemicalbook.com/ProductList_En.aspx?kwd=451-40-1&a=China&left=True&page=9#J_Condition
ChemBook_168,Henan yingchuang,+8616650708709    0370-3678455, hnyingchuang@163.com, 451-40-1," 1,2-Diphenylethan-1-one",Purity: 99% | Package: 25G;100G;500G;1KG;5KG;25KG;100KG,None,None,None,https://www.chemicalbook.com/ProductList_En.aspx?kwd=451-40-1&a=China&left=True&page=9#J_Condition
ChemBook_169,"Hepharma Biology And Technology CO.,LTD.",+8618726307739    86-18726307739, waimaobu@hepharma.cn, 451-40-1, 2-Phenylacetophenone,Purity: 98%；99% | Package: 按要求包装,None,None,None,https://www.chemicalbook.com/ProductList_En.aspx?kwd=451-40-1&a=China&left=True&page=9#J_Condition
ChemBook_170,"Hangzhou Yaoruiyicheng Biological Medicine Co., Ltd",+8618072846723   , caigou1@witofly.com, 451-40-1, 2-Phenylacetophenone,Purity: 98% HPLC | Package: 25kg,None,None,None,https://www.chemicalbook.com/ProductList_En.aspx?kwd=451-40-1&a=China&left=True&page=9#J_Condition
ChemBook_171,"Guangzhou Dreampharm Biotechnology Co., Ltd.",17825480238    020-36607679, 3008233717@qq.com, 451-40-1, parecoxib,Purity: 98% HPLC | Package: 25mg，50mg，100mg,None,None,None,https://www.chemicalbook.com/ProductList_En.aspx?kwd=451-40-1&a=China&left=True&page=9#J_Condition
ChemBook_172,"Shanghai Zeye Biotechnology Co., Ltd.",13122364865    021-61998551, shzeysw@163.com, 451-40-1, 2-Phenylacetophenone,N/A,None,None,None,https://www.chemicalbook.com/ProductList_En.aspx?kwd=451-40-1&a=China&left=True&page=9#J_Condition
ChemBook_173,"Shanghai Yubo Biotechnology Co., Ltd.",   021-60514606, shybio@126.com, 451-40-1, 2-Phenylacetophenone,N/A,None,None,None,https://www.chemicalbook.com/ProductList_En.aspx?kwd=451-40-1&a=China&left=True&page=9#J_Condition
ChemBook_174,"Jinan Aiduofu Pharmaceutical Technology Co., Ltd.",   0531-88681605, yunshengkj@163.com, 451-40-1, Deoxybenzoin,N/A,None,None,None,https://www.chemicalbook.com/ProductList_En.aspx?kwd=451-40-1&a=China&left=True&page=9#J_Condition
ChemBook_175,"Jiangsu Lianchang New Material Co., Ltd.",   13815719043, 1ianchang@lianchangchem.com, 451-40-1, Deoxybenzoin,N/A,None,None,None,https://www.chemicalbook.com/ProductList_En.aspx?kwd=451-40-1&a=China&left=True&page=9#J_Condition
ChemBook_176,"Shanghai Qincheng Biological Technology Co., Ltd.",   021-67652295, shqcsw01@163.com, 451-40-1, 2-Phenylacetophenone,N/A,None,None,None,https://www.chemicalbook.com/ProductList_En.aspx?kwd=451-40-1&a=China&left=True&page=9#J_Condition
ChemBook_177,"Shanghai Tongwei Chemical Co., Ltd.",   021-62206502, shtwchem@126.com, 451-40-1, Deoxybenzoin,N/A,None,None,None,https://www.chemicalbook.com/ProductList_En.aspx?kwd=451-40-1&a=China&left=True&page=9#J_Condition
ChemBook_178,"Beijing Luyuan Bird Biotechnology Co., Ltd.",   15810802415, 15810802415@139.com, 451-40-1, 2-Phenylacetophenone,N/A,None,None,None,https://www.chemicalbook.com/ProductList_En.aspx?kwd=451-40-1&a=China&left=True&page=9#J_Condition
ChemBook_179,"Baishun (Beijing) Chemical Technology Co., Ltd.",   010-59792309, 2440312006@qq.com, 451-40-1, Deoxybenzoin,N/A,None,None,None,https://www.chemicalbook.com/ProductList_En.aspx?kwd=451-40-1&a=China&left=True&page=9#J_Condition
ChemBook_180,"Shanghai Huzhen Industrial Co., Ltd.",13916550749    021-60345367, shhzsw01@163.com, 451-40-1, 2-Phenylacetophenone,N/A,None,None,None,https://www.chemicalbook.com/ProductList_En.aspx?kwd=451-40-1&a=China&left=True&page=10#J_Condition
ChemBook_181,"Shanghai Yanjin Biological Technology Co., Ltd.",   021-65232515, yanjinbio@163.com, 451-40-1, 2-Phenylacetophenone,N/A,None,None,None,https://www.chemicalbook.com/ProductList_En.aspx?kwd=451-40-1&a=China&left=True&page=10#J_Condition
ChemBook_182,"Shanghai Shize Biological Technology Co., Ltd.",   021-61284083, shizezjp@163.com, 451-40-1, 2-Phenylacetophenone,N/A,None,None,None,https://www.chemicalbook.com/ProductList_En.aspx?kwd=451-40-1&a=China&left=True&page=10#J_Condition
ChemBook_183,"Jiangxi Jianglan Pure Biological Reagent Co., Ltd.",   021-54720761, 3245176082@qq.com, 451-40-1, 2-Phenylacetophenone,N/A,None,None,None,https://www.chemicalbook.com/ProductList_En.aspx?kwd=451-40-1&a=China&left=True&page=10#J_Condition
ChemBook_184,"Shanghai Ruichu Biotechnology Co., Ltd.",   021-59145618,N/A, 451-40-1, 2-Phenylacetophenone,N/A,None,None,None,https://www.chemicalbook.com/ProductList_En.aspx?kwd=451-40-1&a=China&left=True&page=10#J_Condition
ChemBook_185,"He Peng (Shanghai) Biological Technology Co., Ltd.",   13122891558, hepeng20160718@foxmail.com, 451-40-1, 2-Phenylacetophenone,N/A,None,None,None,https://www.chemicalbook.com/ProductList_En.aspx?kwd=451-40-1&a=China&left=True&page=10#J_Condition
ChemBook_186,"Rhenbo (Shanghai) Biochemical Technology Co., Ltd.",   021-60536361,N/A, 451-40-1, 2-Phenylacetophenone,N/A,None,None,None,https://www.chemicalbook.com/ProductList_En.aspx?kwd=451-40-1&a=China&left=True&page=10#J_Condition
ChemBook_187,Shuyang Goldchem Chemical Factory Manufacturer,   0527-83313568, jinkai@jinkai-chem.com, 451-40-1, Deoxybenzoin,N/A,None,None,None,https://www.chemicalbook.com/ProductList_En.aspx?kwd=451-40-1&a=China&left=True&page=10#J_Condition
ChemBook_188,"Jintan Depei Chemical Co., Ltd",   0519-82765761, shiyf@depeichem.com, 451-40-1, Deoxybenzoin,N/A,None,None,None,https://www.chemicalbook.com/ProductList_En.aspx?kwd=451-40-1&a=China&left=True&page=10#J_Condition
ChemBook_189,"Beijing Qinghongfu Technology Co., Ltd.","   +86 (10) 5942-1785, 5844-3812, +86 13366919117", qinghongfu@foxmail.com, 451-40-1, Deoxybenzoin,N/A,None,None,None,https://www.chemicalbook.com/ProductList_En.aspx?kwd=451-40-1&a=China&left=True&page=10#J_Condition
ChemBook_190,"Jiangsu Yutian Pharmaceutical Co., LtdManufacturer",N/A,N/A, 451-40-1, Deoxybenzoin,N/A,None,None,None,https://www.chemicalbook.com/ProductList_En.aspx?kwd=451-40-1&a=China&left=True&page=10#J_Condition
ChemBook_191,"Shanghai Hao Zhun Biological Technology Co., Ltd.",15800340161   , info@zzsrm.com, 451-40-1, Deoxybenzoin,Purity: 98.0%,None,None,None,https://www.chemicalbook.com/ProductList_En.aspx?kwd=451-40-1&a=China&left=True&page=10#J_Condition
ChemBook_192,"Anhui Feixiang Pharmaceutical Technology Co., Ltd.",   13349001619, sales@feixiangpharm.com, 451-40-1," 1,2-diphenylethan-1-one",N/A,None,None,None,https://www.chemicalbook.com/ProductList_En.aspx?kwd=451-40-1&a=China&left=True&page=10#J_Condition
ChemBook_193,"ChemeGen(Shanghai) Biotechnology Co.,Ltd.",+8618818260767   , sales@chemegen.com, 895155-78-9, XLR12,Purity: 98% | Package: 10 mg;50 mg;100 mg;500 mg;1 g;5 g;10 g,None,None,None,https://www.chemicalbook.com/ProductList_En.aspx?kwd=895155-78-9&a=China&left=True&page=1#J_Condition
ChemBook_194,"Beijing Bolide Biotechnology Co., Ltd.",   010-51653916, 1985563437@qq.com, 895155-78-9, XLR12,N/A,None,None,None,https://www.chemicalbook.com/ProductList_En.aspx?kwd=895155-78-9&a=China&left=True&page=1#J_Condition
ChemBook_195,"Shanghai Yaoyun Biological Technology Co., Ltd.",400-002-6926    400-002-6926, 912529879@qq.com, 895155-78-9, XLR12,N/A,None,None,None,https://www.chemicalbook.com/ProductList_En.aspx?kwd=895155-78-9&a=China&left=True&page=1#J_Condition
ChemBook_196,"Beijing Fubo Biotechnology Co., Ltd.",13260236521    010-57263844, info@f-biology.com, 895155-78-9, XLR12,N/A,None,None,None,https://www.chemicalbook.com/ProductList_En.aspx?kwd=895155-78-9&a=China&left=True&page=1#J_Condition
ChemBook_197,"Shanghai Minmin Biotechnology Co., Ltd.",   18021003406, 1914109725@qq.com, 895155-78-9, XLR12,N/A,None,None,None,https://www.chemicalbook.com/ProductList_En.aspx?kwd=895155-78-9&a=China&left=True&page=1#J_Condition
ChemBook_198,"Shanghai Hao Biological Technology Co., Ltd.",18019263206    021-58116080, shxiyuanbio@163.com, 895155-78-9, XLR12,N/A,None,None,None,https://www.chemicalbook.com/ProductList_En.aspx?kwd=895155-78-9&a=China&left=True&page=1#J_Condition
ChemBook_199,"Shanghai Hao Zhun Biological Technology Co., Ltd.",15800340161   , info@zzsrm.com, 895155-78-9, XLR12,Purity: 98%,None,None,None,https://www.chemicalbook.com/ProductList_En.aspx?kwd=895155-78-9&a=China&left=True&page=1#J_Condition
ChemBook_200,"Shanghai Hao Biological Technology Co., Ltd.",13585899102    021-80370006, market@xlswkj.com, 895155-78-9, XLR12,N/A,None,None,None,https://www.chemicalbook.com/ProductList_En.aspx?kwd=895155-78-9&a=China&left=True&page=1#J_Condition
ChemBook_201,"Shanghai Jijin Chemical Technology Co., Ltd.",   400-002-6926 15900443528, jijinhuaxue@sina.com, 895155-78-9, XLR12,N/A,None,None,None,https://www.chemicalbook.com/ProductList_En.aspx?kwd=895155-78-9&a=China&left=True&page=1#J_Condition
ChemBook_202,"Morning Student Science and Technology (Guangzhou) Co., Ltd.",13760856740    020-36048871, chenxue_gz@163.com, 895155-78-9, XLR12,N/A,None,None,None,https://www.chemicalbook.com/ProductList_En.aspx?kwd=895155-78-9&a=China&left=True&page=1#J_Condition
